Sensor ,Unit ID,Time,lat,lon,alt,PM_1,PM_2.5,PM_4,PM_10,TSP,Status
MESSKIT0R,UNIT5,9/24/2018 11:28,36.49554083,-119.3856107,102,2.4,27.5,61.8,180.1,188.7,0
MESSKIT0R,UNIT5,9/24/2018 11:29,36.49582867,-119.385665,94,2.2,15.6,33.7,83.6,87.3,0
MESSKIT0R,UNIT5,9/24/2018 11:30,36.49584917,-119.3851923,98,2.5,17,31.5,67,68.9,0
MESSKIT0R,UNIT5,9/24/2018 11:31,36.49584,-119.3839973,99,2.2,12.4,29.4,72.8,75.9,0
MESSKIT0R,UNIT5,9/24/2018 11:32,36.49583,-119.3826107,97,2.2,15.3,30.8,71.5,73.3,0
MESSKIT0R,UNIT5,9/24/2018 11:33,36.4955075,-119.3819205,93,2.1,12.7,29.6,85.6,90.5,0
MESSKIT02,UNIT4,9/25/2018 9:21,36.49487583,-119.3820922,83,2.3,7.3,74.6,298.1,317.2,0
MESSKIT0R,UNIT5,9/25/2018 9:21,36.49516017,-119.3819858,91,2.2,17,46.8,133.3,141.3,0
MESSKIT0R,UNIT5,9/25/2018 9:22,36.49516567,-119.3825348,95,2.2,15.5,43.1,116.8,118.7,0
MESSKIT0R,UNIT5,9/25/2018 9:23,36.495145,-119.3832698,96,2.3,16.8,45.5,128.9,138.2,0
MESSKIT0R,UNIT5,9/25/2018 9:24,36.49515,-119.3842368,95,2.2,19.5,53.9,170.3,177.1,0
MESSKIT0R,UNIT5,9/25/2018 9:25,36.49515283,-119.3851765,106,2.3,22.3,55.7,158,166.6,0
MESSKIT02,UNIT4,9/25/2018 9:26,36.49481783,-119.3847083,81,2.3,19.2,53.2,167.6,178.7,0
MESSKIT0R,UNIT5,9/25/2018 9:26,36.49501467,-119.3855898,107,2.2,17.8,43.7,107.1,109.6,0
MESSKIT02,UNIT4,9/25/2018 9:27,36.4948555,-119.3829825,93,2.4,7.8,73,321.5,346.1,0
MESSKIT0R,UNIT5,9/25/2018 9:27,36.49485933,-119.3849482,113,2.2,15.4,40.6,102.7,108.3,0
MESSKIT02,UNIT4,9/25/2018 9:28,36.49511583,-119.3819665,87,2.4,4.8,117.7,443.1,465.9,0
MESSKIT0R,UNIT5,9/25/2018 9:28,36.495195,-119.3832563,129,2.3,16,44.2,124.4,126.9,0
MESSKIT02,UNIT4,9/25/2018 9:29,36.49511333,-119.3819767,88,2.6,2.6,64.4,604.8,644.9,0
MESSKIT0R,UNIT5,9/25/2018 9:29,36.49538517,-119.3824443,108,2.2,2.2,82.3,409.1,441.7,0
MESSKIT0R,UNIT5,9/25/2018 9:30,36.49537283,-119.3823535,94,2.3,16.9,47.2,135.4,137.2,0
MESSKIT02,UNIT4,9/25/2018 9:31,36.49554083,-119.3822555,90,5.9,5.9,812.1,7808.3,8580,0
MESSKIT02,UNIT4,9/25/2018 9:32,36.4955425,-119.382995,87,4.5,201.6,230.5,305,311.8,0
MESSKIT02,UNIT4,9/25/2018 9:35,36.495583,-119.3849388,87,2.6,37.7,92.4,292.1,315,0
MESSKIT02,UNIT4,9/25/2018 9:36,36.495653,-119.384082,96,2.7,18.3,68.7,255.1,278.5,0
MESSKIT02,UNIT4,9/25/2018 9:41,36.49560781,-119.3822743,89,3.4,30.5,102,339.1,374.9,0
MESSKIT02,UNIT4,9/25/2018 9:42,36.49562867,-119.3822725,81,2.4,17.3,67.9,298.6,329.5,0
MESSKIT02,UNIT4,9/25/2018 9:43,36.49529533,-119.382817,81,2.3,17.2,63.7,237.7,247.6,0
MESSKIT02,UNIT4,9/25/2018 9:47,36.495316,-119.3849865,85,2.3,13.7,101.2,475.3,526.4,0
MESSKIT02,UNIT4,9/25/2018 10:04,36.49568683,-119.3819438,89,14.1,323.4,471.7,1179,1306.6,0
MESSKIT02,UNIT4,9/25/2018 10:05,36.49589183,-119.3827328,88,9.8,9.8,9.8,12626,15171.6,0
MESSKIT02,UNIT4,9/25/2018 10:06,36.49592533,-119.3833342,85,2.7,2.7,15,1037.4,1183.5,0
MESSKIT02,UNIT4,9/25/2018 10:07,36.495964,-119.3843135,86,3.2,12,108.4,627.9,706.1,0
MESSKIT02,UNIT4,9/25/2018 10:08,36.49598067,-119.3849433,86,2.8,2.8,2.8,2203.2,2796.1,0
MESSKIT02,UNIT4,9/25/2018 10:09,36.4959945,-119.3855322,84,2.5,2.5,2.5,1339.2,1650.4,0
MESSKIT02,UNIT4,9/25/2018 10:10,36.49598633,-119.3855995,84,3.8,33.9,184.9,1096,1220.5,0
MESSKIT02,UNIT4,9/25/2018 10:11,36.4959485,-119.3852025,92,3.1,19.5,85.1,307.1,328.6,0
MESSKIT02,UNIT4,9/25/2018 10:12,36.4957675,-119.3847073,95,3.2,23,78.4,283.7,310.2,0
MESSKIT02,UNIT4,9/25/2018 10:13,36.49546467,-119.3846872,120,3.2,27.8,79.8,265,290.2,0
MESSKIT02,UNIT4,9/25/2018 10:17,36.4957625,-119.3821717,80,3.2,3.2,3.2,1395.6,1694.6,0
MESSKIT02,UNIT4,9/25/2018 10:18,36.49586667,-119.3821408,85,3.3,23.9,87.4,340.5,374.4,0
MESSKIT02,UNIT4,9/25/2018 10:19,36.495947,-119.381927,86,3.1,21.8,71.2,257.1,284.8,0
MESSKIT02,UNIT4,9/25/2018 10:20,36.4955825,-119.3819217,84,3.1,22.9,72.3,241.6,260.7,0
MESSKIT02,UNIT4,9/25/2018 10:28,36.49579833,-119.381889,81,6.1,36.7,691.3,3844.2,4475.4,0
MESSKIT02,UNIT4,9/25/2018 10:29,36.495956,-119.3826663,82,4.2,4.2,86.5,1698.3,1978.2,0
MESSKIT02,UNIT4,9/25/2018 10:30,36.49601067,-119.3834333,85,6.4,6.4,6.4,4636.3,6082.8,0
MESSKIT02,UNIT4,9/25/2018 10:31,36.49602117,-119.384062,87,4,35.5,94.9,419.9,470.5,0
MESSKIT02,UNIT4,9/25/2018 10:32,36.49603167,-119.3849123,89,4.1,53.1,113.8,425.5,479.8,0
MESSKIT02,UNIT4,9/25/2018 10:33,36.49603483,-119.385552,87,7.2,340.7,398,646.1,691.1,0
MESSKIT02,UNIT4,9/25/2018 10:35,36.496201,-119.3820398,81,3.9,34.6,89,298.1,332,0
MESSKIT02,UNIT4,9/25/2018 10:36,36.49620883,-119.3814375,83,3.7,20.4,64.9,208.6,220.9,0
MESSKIT02,UNIT4,9/25/2018 11:41,36.49591383,-119.3827465,85,6.6,6.6,6.6,2036.7,2603.7,0
MESSKIT02,UNIT4,9/25/2018 11:42,36.4961155,-119.384078,85,14.3,125.5,666.6,4611.8,6012.2,0
MESSKIT02,UNIT4,9/25/2018 11:43,36.496103,-119.3850773,83,10.2,10.2,10.2,8439.9,10292.1,0
MESSKIT02,UNIT4,9/25/2018 11:44,36.49608983,-119.3856352,85,8.7,64.9,178.9,756.7,909.5,0
MESSKIT02,UNIT4,9/25/2018 11:45,36.49613417,-119.385471,84,6.4,6.4,6.4,2472.9,4458.8,0
MESSKIT0R,UNIT5,9/25/2018 11:45,36.49638483,-119.3852005,81,6.8,6.8,6.8,1316.7,1485.6,0
MESSKIT02,UNIT4,9/25/2018 11:46,36.496166,-119.3848775,84,11.6,211.4,925,5912.3,6870.1,0
MESSKIT0R,UNIT5,9/25/2018 11:46,36.496384,-119.3851328,90,6.4,30.1,71.2,192.8,200.2,0
MESSKIT02,UNIT4,9/25/2018 11:47,36.49614517,-119.3834175,85,6.6,6.7,121.9,726.9,842.8,0
MESSKIT0R,UNIT5,9/25/2018 11:47,36.49635967,-119.3839743,94,6.6,6.6,63.9,973.6,1115.4,0
MESSKIT02,UNIT4,9/25/2018 11:48,36.49603583,-119.3819602,82,30.2,621.2,2873.7,24348.2,28347.2,0
MESSKIT0R,UNIT5,9/25/2018 11:48,36.49631367,-119.3821153,91,9,23.5,558.8,3896.7,4674.5,0
MESSKIT02,UNIT4,9/25/2018 11:49,36.49605133,-119.3818222,83,23.1,398.5,2127,17794.4,20678.9,0
MESSKIT02,UNIT4,9/25/2018 11:50,36.49600483,-119.3818883,89,9.7,176.8,401.5,2711,3025.3,0
MESSKIT02,UNIT4,9/25/2018 11:51,36.4960395,-119.3825253,93,6.8,19.5,66.9,225.2,251.7,0
MESSKIT02,UNIT4,9/25/2018 11:52,36.49616383,-119.3838888,88,7,36,85,264.7,291.8,0
MESSKIT02,UNIT4,9/25/2018 11:53,36.496177,-119.3858267,87,7.8,117.5,206.1,789.5,1017.6,0
MESSKIT02,UNIT4,9/25/2018 11:54,36.49612483,-119.385864,81,6.6,25.7,73.9,236.1,259,0
MESSKIT02,UNIT4,9/25/2018 11:55,36.496101,-119.3827387,84,6.6,25.4,85.4,332.4,362,0
MESSKIT0R,UNIT5,9/25/2018 13:23,36.496237,-119.381439,98,3.1,3.1,3.1,1000.3,1185.8,0
MESSKIT02,UNIT4,9/25/2018 13:24,36.49624267,-119.3816857,80,3.2,3.2,3.2,1583.1,2843.6,0
MESSKIT02,UNIT4,9/25/2018 13:25,36.49622717,-119.3822512,82,8.6,301.7,330.5,468,506.3,0
MESSKIT0R,UNIT5,9/25/2018 13:25,36.496327,-119.3818085,93,6.3,6.3,6.3,7382.4,9285.7,0
MESSKIT0R,UNIT5,9/25/2018 13:26,36.49633117,-119.3823258,92,45.1,1645.6,4801.3,22921.7,25675.5,0
MESSKIT0R,UNIT5,9/25/2018 13:27,36.4961965,-119.3832573,88,8,128.9,509,2343.4,2667.6,0
MESSKIT02,UNIT4,9/25/2018 13:28,36.496321,-119.3843475,80,3.2,3.2,3.2,4251.7,6908.2,0
MESSKIT0R,UNIT5,9/25/2018 13:28,36.49618783,-119.3839665,89,3.1,3.1,3.1,3172.1,4097.3,0
MESSKIT02,UNIT4,9/25/2018 13:29,36.49633583,-119.3846165,80,17.3,399.8,698.5,3878.6,4385.2,0
MESSKIT0R,UNIT5,9/25/2018 13:29,36.49619583,-119.3846752,87,28.2,804,1179,2782.1,3029.3,0
MESSKIT0R,UNIT5,9/25/2018 13:30,36.49621983,-119.3851043,83,7.2,7.2,157.6,4698,5539.3,0
MESSKIT02,UNIT4,9/25/2018 13:31,36.496351,-119.3854942,86,2.6,2.6,2.6,564.4,2955.8,0
MESSKIT0R,UNIT5,9/25/2018 13:31,36.4963675,-119.3851078,86,43.8,2239.1,3176.8,8832.5,9656.6,0
MESSKIT02,UNIT4,9/25/2018 13:32,36.49632017,-119.3849048,89,17,160.9,2199.9,17472,20393.6,0
MESSKIT0R,UNIT5,9/25/2018 13:32,36.49653067,-119.385104,80,30.2,803.9,1892.8,6325.9,6778.3,0
MESSKIT02,UNIT4,9/25/2018 13:33,36.49632283,-119.3842142,84,18.9,84.6,1438.3,9234.2,10783.2,0
MESSKIT02,UNIT4,9/25/2018 13:34,36.4962415,-119.3832155,81,23.3,602.5,1126.6,4585.5,5393.6,0
MESSKIT02,UNIT4,9/25/2018 13:35,36.49620283,-119.3827698,81,3.2,3.2,40.7,523.9,644.7,0
MESSKIT02,UNIT4,9/25/2018 13:36,36.49622833,-119.3818498,83,3.4,15.1,68.4,330.9,374.7,0
MESSKIT02,UNIT4,9/25/2018 13:37,36.49625967,-119.381454,83,3,11.5,37.2,146.8,203.5,0
MESSKIT02,UNIT4,9/25/2018 13:38,36.49623133,-119.3816488,82,3.2,9.4,47.8,209.3,240.1,0
MESSKIT0R,UNIT5,9/25/2018 13:38,36.495974,-119.3811457,81,3.1,14.4,38.5,110.5,114.8,0
MESSKIT02,UNIT4,9/25/2018 13:43,36.49623967,-119.3814513,89,2.7,2.7,2.7,794.2,2417.7,0
MESSKIT02,UNIT4,9/25/2018 13:44,36.49631283,-119.3819222,86,42.8,2031.2,3420.3,13986.3,16145.4,0
MESSKIT02,UNIT4,9/25/2018 13:45,36.49630517,-119.3826378,91,3.5,51.7,159.6,1043,1361.1,0
MESSKIT02,UNIT4,9/25/2018 13:46,36.49630933,-119.3832532,91,2.3,9.9,30.9,94.3,101.1,0
MESSKIT02,UNIT4,9/25/2018 13:47,36.4963625,-119.3836123,91,2.9,2.9,2.9,2644.1,3200.7,0
MESSKIT02,UNIT4,9/25/2018 13:48,36.49631,-119.384837,83,3.1,32.1,98.8,431.4,486.9,0
MESSKIT02,UNIT4,9/25/2018 13:49,36.49632933,-119.385388,80,2.3,13,44.6,173.3,206,0
MESSKIT02,UNIT4,9/25/2018 13:50,36.496318,-119.3856742,83,2.1,9.6,41.7,166.7,178.4,0
MESSKIT02,UNIT4,9/25/2018 13:51,36.496268,-119.3856802,90,2.4,8.7,90.2,476.9,512.6,0
MESSKIT02,UNIT4,9/25/2018 13:52,36.496211,-119.3815238,84,2,12.6,39.5,158.3,175.5,0
MESSKIT02,UNIT4,9/25/2018 14:05,36.496247,-119.3814242,81,1.9,1.9,36.1,1486,1816.4,0
MESSKIT0R,UNIT5,9/25/2018 14:05,36.4962,-119.381296,88,12,366.5,517.9,1272.2,1460.8,0
MESSKIT02,UNIT4,9/25/2018 14:06,36.49638367,-119.3817703,83,1.4,3.7,37.4,202.4,232.6,0
MESSKIT0R,UNIT5,9/25/2018 14:06,36.4965135,-119.3812922,80,1.4,1.4,1.4,581.1,671.1,0
MESSKIT02,UNIT4,9/25/2018 14:07,36.49643167,-119.3826837,88,5.3,262.1,427.9,2506.8,3060.9,0
MESSKIT02,UNIT4,9/25/2018 14:08,36.49641167,-119.383831,90,13.4,323.4,1058.9,8254.3,9365.6,0
MESSKIT02,UNIT4,9/25/2018 14:09,36.49643767,-119.384397,87,2.8,2.8,2.8,3328.2,4208.4,0
MESSKIT02,UNIT4,9/25/2018 14:10,36.49645233,-119.385509,91,2.1,30.9,91.7,472.7,530.6,0
MESSKIT02,UNIT4,9/25/2018 14:11,36.4964525,-119.3855435,88,1.3,1.3,1.3,1.3,1970.6,0
MESSKIT02,UNIT4,9/25/2018 14:12,36.49648733,-119.3854418,89,8.8,8.8,576.6,19141.6,22112.4,0
MESSKIT0R,UNIT5,9/25/2018 14:12,36.49627167,-119.3852918,82,1.4,1.4,1.4,563.9,682.9,0
MESSKIT02,UNIT4,9/25/2018 14:13,36.49655283,-119.3846613,89,3.3,3.3,3.3,3030.8,3927,0
MESSKIT02,UNIT4,9/25/2018 14:14,36.49651317,-119.3833628,88,2,2,2,2447.5,3128,0
MESSKIT02,UNIT4,9/25/2018 14:15,36.49650617,-119.3827432,88,2.3,27.5,61.1,200.5,222.1,0
MESSKIT02,UNIT4,9/25/2018 14:16,36.496217,-119.38163,86,1.9,8.1,41.5,184.1,205,0
MESSKIT02,UNIT4,9/25/2018 14:34,36.49644667,-119.381771,87,4,4,314.6,2439.5,2708.2,0
MESSKIT0R,UNIT5,9/25/2018 14:34,36.49651717,-119.3812953,80,1.3,1.3,1.3,1183.2,1451.9,0
MESSKIT02,UNIT4,9/25/2018 14:35,36.49647283,-119.382647,88,8.5,8.5,622.9,9099.4,10687.8,0
MESSKIT02,UNIT4,9/25/2018 14:36,36.49648067,-119.3830673,89,21,723.1,1262,8356.4,9476.3,0
MESSKIT02,UNIT4,9/25/2018 14:37,36.49649417,-119.3840783,87,1.2,1.2,1.2,1172.5,1576.2,0
MESSKIT02,UNIT4,9/25/2018 14:38,36.49650417,-119.3850723,87,1.1,1.1,12,424.5,489.8,0
MESSKIT02,UNIT4,9/25/2018 14:39,36.49641083,-119.385315,86,1.4,1.4,17.5,1000.9,1200.6,0
MESSKIT0R,UNIT5,9/25/2018 14:39,36.49640133,-119.3852305,81,1.6,17.8,82.6,345,363.5,0
MESSKIT02,UNIT4,9/25/2018 14:40,36.49646567,-119.3835875,87,4.1,95,368.5,1615.1,1781.5,0
MESSKIT0R,UNIT5,9/25/2018 14:40,36.4965045,-119.384088,82,1.5,1.5,47,549.7,586,0
MESSKIT02,UNIT4,9/25/2018 14:41,36.49597167,-119.3827147,89,1.3,9.2,36.3,164.7,177.1,0
MESSKIT02,UNIT4,9/25/2018 14:42,36.49597333,-119.3821163,85,1.1,6.5,28.8,119,127.7,0
MESSKIT02,UNIT4,9/25/2018 15:13,36.49620117,-119.3813713,84,10.6,10.6,10.6,23759.3,33981.6,0
MESSKIT02,UNIT4,9/25/2018 15:14,36.496541,-119.3819252,86,17.1,17.1,1613.3,18078.6,20958.9,0
MESSKIT02,UNIT4,9/25/2018 15:15,36.496692,-119.3827995,86,11.9,221.6,714.3,6878.2,8184.2,0
MESSKIT02,UNIT4,9/25/2018 15:16,36.496734,-119.3837417,86,3.8,3.8,3.8,9226.6,12326.9,0
MESSKIT02,UNIT4,9/25/2018 15:17,36.49674083,-119.3846038,87,40.5,607.9,3433.4,20826.5,25410.3,0
MESSKIT02,UNIT4,9/25/2018 15:18,36.49676817,-119.3854467,88,9,9,450.3,8473.7,10057.1,0
MESSKIT02,UNIT4,9/25/2018 15:19,36.4967505,-119.3855083,89,29.3,29.3,2894.7,20446.5,24354.2,0
MESSKIT02,UNIT4,9/25/2018 15:20,36.4966565,-119.3854937,89,2.3,2.3,2.3,2.3,5954.5,0
MESSKIT0R,UNIT5,9/25/2018 15:20,36.49664567,-119.3853873,80,4.7,4.7,4.7,4199.3,5292.1,0
MESSKIT02,UNIT4,9/25/2018 15:21,36.49661283,-119.3847817,90,12.4,349.1,1131.2,8230.3,9826.6,0
MESSKIT0R,UNIT5,9/25/2018 15:21,36.4965495,-119.385206,83,12.2,12.2,238.6,10461.2,12273.2,0
MESSKIT02,UNIT4,9/25/2018 15:22,36.49662267,-119.3838698,83,8.6,115.2,429.9,2634.3,3051.6,0
MESSKIT0R,UNIT5,9/25/2018 15:22,36.49655467,-119.3847045,88,29.5,332.3,1389.9,7889.2,8869.8,0
MESSKIT02,UNIT4,9/25/2018 15:23,36.49663083,-119.3830225,89,3.1,64.6,126.6,451.2,520.9,0
MESSKIT0R,UNIT5,9/25/2018 15:23,36.4964945,-119.383257,89,2.5,74.1,116.1,251.7,267.8,0
MESSKIT02,UNIT4,9/25/2018 15:24,36.49620017,-119.3820597,94,2.2,53.6,79.5,199.3,231.3,0
MESSKIT0R,UNIT5,9/25/2018 15:24,36.4964695,-119.3823868,87,1.5,7.7,34,143,192.9,0
MESSKIT0R,UNIT5,9/25/2018 15:25,36.4962365,-119.381377,95,1.4,10.4,32,101.2,111.6,0
MESSKIT02,UNIT4,9/25/2018 15:32,36.49664133,-119.3814945,86,24.4,263.7,2405.3,14826.2,17796.4,0
MESSKIT02,UNIT4,9/25/2018 15:33,36.49674883,-119.3820465,83,40.9,402.9,3581.4,22689.7,27843.7,0
MESSKIT0R,UNIT5,9/25/2018 15:33,36.4966765,-119.3817162,84,23,513.4,1013,3140.9,3532.9,0
MESSKIT02,UNIT4,9/25/2018 15:34,36.49678067,-119.3830265,81,16,16,16,15219.6,18747,0
MESSKIT0R,UNIT5,9/25/2018 15:34,36.4966405,-119.3828418,88,1.6,1.6,1.6,1252.6,1525.7,0
MESSKIT02,UNIT4,9/25/2018 15:35,36.49673983,-119.3835347,80,7.4,302.4,549.7,2994.1,3456.4,0
MESSKIT0R,UNIT5,9/25/2018 15:35,36.49660233,-119.383528,84,1.3,1.3,1.3,772.9,949.8,0
MESSKIT0R,UNIT5,9/25/2018 15:36,36.49661417,-119.3835555,80,1.7,15.8,36.4,110.6,116.2,0
MESSKIT0R,UNIT5,9/25/2018 15:37,36.49668633,-119.3852788,81,1.2,1.2,1.2,710.6,837,0
MESSKIT02,UNIT4,9/25/2018 15:38,36.49615117,-119.3857303,85,3.3,79.2,170.9,674.9,780.3,0
MESSKIT0R,UNIT5,9/25/2018 15:38,36.49666583,-119.3853015,83,2,2,78.1,518.8,557,0
MESSKIT02,UNIT4,9/25/2018 15:39,36.49541517,-119.3857707,87,1.6,1.6,1.6,861.6,974.4,0
MESSKIT02,UNIT4,9/25/2018 15:40,36.495255,-119.3856448,86,4.8,108.4,346.8,1382.5,1518.7,0
MESSKIT02,UNIT4,9/25/2018 15:41,36.49525967,-119.3836917,83,1.8,20.9,63.9,260.4,299.9,0
MESSKIT0R,UNIT5,9/25/2018 15:41,36.495675,-119.3818687,83,1.7,16,56.6,193.5,201.5,0
MESSKIT0R,UNIT5,9/25/2018 15:57,36.49623683,-119.381354,101,1.3,1.3,1.3,1133.8,1656.5,0
MESSKIT02,UNIT4,9/25/2018 15:58,36.4962255,-119.3813192,89,5.9,5.9,5.9,7525.3,10828.3,0
MESSKIT02,UNIT4,9/25/2018 15:59,36.4967585,-119.3815945,80,37.5,559.8,2555.7,15565.8,20409.1,0
MESSKIT02,UNIT4,9/25/2018 16:00,36.49685917,-119.3817745,80,17.4,257.5,1684.1,9210.3,11293.6,0
MESSKIT0R,UNIT5,9/25/2018 16:00,36.49666267,-119.3818223,84,20.3,390.9,823,2448.4,2715.8,0
MESSKIT02,UNIT4,9/25/2018 16:01,36.49676367,-119.3829458,81,4.5,29.4,172,867.2,1045.4,0
MESSKIT0R,UNIT5,9/25/2018 16:01,36.4965755,-119.3825548,86,1.3,1.3,1.3,608.3,694.6,0
MESSKIT02,UNIT4,9/25/2018 16:02,36.4967645,-119.3837165,81,1.6,1.6,1.6,1305.2,2444.2,0
MESSKIT0R,UNIT5,9/25/2018 16:02,36.4965435,-119.3836985,86,18.3,368.3,464.4,765.1,787.9,0
MESSKIT02,UNIT4,9/25/2018 16:03,36.496781,-119.3843362,81,3.8,3.8,88.6,3501.4,4199.2,0
MESSKIT0R,UNIT5,9/25/2018 16:03,36.49659,-119.3842823,87,1.5,17.6,39.9,96.7,102.9,0
MESSKIT02,UNIT4,9/25/2018 16:04,36.4968395,-119.3852858,80,2,2,2,2520.3,3600.8,0
MESSKIT0R,UNIT5,9/25/2018 16:04,36.49669767,-119.3851552,88,1.3,8.9,26.3,76,80.3,0
MESSKIT02,UNIT4,9/25/2018 16:05,36.49682567,-119.3855942,82,21.7,361.5,1842.9,11126.1,14048.2,0
MESSKIT0R,UNIT5,9/25/2018 16:05,36.49671733,-119.3854378,85,1.3,1.3,1.3,702.8,841.4,0
MESSKIT02,UNIT4,9/25/2018 16:06,36.49683917,-119.385596,85,27.9,218.1,2111.4,13526.8,15984.8,0
MESSKIT0R,UNIT5,9/25/2018 16:06,36.49670883,-119.385438,85,1.4,5.1,46,219.3,235.3,0
MESSKIT02,UNIT4,9/25/2018 16:07,36.4968805,-119.3856038,87,13.1,13.1,13.1,14874.8,20236.5,0
MESSKIT0R,UNIT5,9/25/2018 16:07,36.49671617,-119.3854222,81,2.4,2.4,87.1,1789,1991.8,0
MESSKIT02,UNIT4,9/25/2018 16:08,36.49682417,-119.3854737,87,6.4,131.9,711.4,5514.5,6469.9,0
MESSKIT02,UNIT4,9/25/2018 16:09,36.49673683,-119.3848065,87,5,96.5,322.8,1249.2,1378,0
MESSKIT02,UNIT4,9/25/2018 16:10,36.49669533,-119.3837433,86,4.1,43.5,155.8,613.9,657.1,0
MESSKIT02,UNIT4,9/25/2018 16:11,36.49669883,-119.3832165,86,4,49,200.5,1051.2,1345.8,0
MESSKIT02,UNIT4,9/25/2018 16:12,36.49621033,-119.3813713,86,1.5,12.9,42.2,183.9,227,0
MESSKIT0R,UNIT5,9/25/2018 16:22,36.49624133,-119.3812998,87,1.5,1.5,1.5,670.2,858.2,0
MESSKIT02,UNIT4,9/25/2018 16:24,36.49676967,-119.3816433,84,38.6,1489.7,3195.2,14473.9,18856.2,0
MESSKIT0R,UNIT5,9/25/2018 16:24,36.49630133,-119.3816958,84,5.2,28.9,274,1277.8,1488.6,0
MESSKIT02,UNIT4,9/25/2018 16:25,36.4969455,-119.382477,84,15.6,161.9,883.6,4661.8,5873.6,0
MESSKIT0R,UNIT5,9/25/2018 16:25,36.497132,-119.3835625,85,1.5,1.5,1.5,566.4,665.7,0
MESSKIT02,UNIT4,9/25/2018 16:26,36.49692067,-119.3833382,85,9.7,475.2,674.1,2101.7,2533.8,0
MESSKIT0R,UNIT5,9/25/2018 16:26,36.497163,-119.3850553,84,5.3,23.6,276.8,1431,1644.8,0
MESSKIT02,UNIT4,9/25/2018 16:27,36.4969275,-119.3842485,86,5.6,279,380.8,987,1132.4,0
MESSKIT0R,UNIT5,9/25/2018 16:27,36.497052,-119.3853178,82,1.3,1.3,1.3,607.9,680.7,0
MESSKIT02,UNIT4,9/25/2018 16:28,36.49695183,-119.3851097,87,1.3,1.3,1.3,585,673.1,0
MESSKIT0R,UNIT5,9/25/2018 16:28,36.49701633,-119.3850505,87,1.4,4.3,54.4,205.6,213.7,0
MESSKIT02,UNIT4,9/25/2018 16:29,36.4969205,-119.385608,86,1.6,1.6,1.6,900.1,1112.1,0
MESSKIT0R,UNIT5,9/25/2018 16:29,36.49716133,-119.3837807,83,1.7,12.6,60.6,204.8,212.2,0
MESSKIT02,UNIT4,9/25/2018 16:30,36.49536167,-119.3856437,86,4,74.1,119.8,302,332.2,0
MESSKIT0R,UNIT5,9/25/2018 16:30,36.49621633,-119.381788,85,2.1,9.5,92.3,469.2,500.6,0
MESSKIT02,NULL,9/25/2018 16:31,36.49523683,-119.3855932,83,NULL,NULL,NULL,NULL,NULL,NULL
MESSKIT0R,UNIT5,9/25/2018 16:39,36.49620833,-119.381327,104,1.3,1.3,65.8,384.6,407.4,0
MESSKIT0R,UNIT5,9/25/2018 16:41,36.49718,-119.383373,82,3.2,37.1,197.3,801.7,862.7,0
MESSKIT0R,UNIT5,9/25/2018 16:42,36.49714467,-119.3853538,83,1.2,1.2,11.1,377.8,417.9,0
MESSKIT0R,UNIT5,9/25/2018 16:43,36.495628,-119.3853863,93,4.5,87.7,163.6,402.6,413.1,0
MESSKIT0R,UNIT5,9/25/2018 17:26,36.49647567,-119.3818542,84,1.2,9,27.7,86,89.7,0
MESSKIT0R,UNIT5,9/25/2018 17:27,36.4972915,-119.3825257,81,1.2,8.9,26,79.1,82.2,0
MESSKIT0R,UNIT5,9/25/2018 17:29,36.497381,-119.3840818,82,1.3,8.1,32.6,105.1,110.6,0
MESSKIT0R,UNIT5,9/25/2018 17:35,36.49743917,-119.3854472,89,1.1,8.2,34.3,115.5,121.1,0
MESSKIT0R,UNIT5,9/25/2018 17:36,36.49747133,-119.3849693,97,1.3,9.3,36.1,131.2,139.2,0
MESSKIT0R,UNIT5,9/25/2018 17:37,36.497505,-119.3839842,95,1.2,9.9,35.5,111.9,118.7,0
MESSKIT0R,UNIT5,9/25/2018 17:38,36.49745917,-119.3832737,89,1.5,12,39,127.5,135.5,0
MESSKIT0R,UNIT5,9/25/2018 17:39,36.49742967,-119.3822583,89,1.3,10.9,35.3,110,119.3,0
MESSKIT0R,UNIT5,9/25/2018 17:40,36.497358,-119.3817063,88,2.9,66,93.4,180.7,187.5,0
MESSKIT0R,UNIT5,9/25/2018 17:41,36.49738417,-119.3819103,83,1.3,8.7,31,102.1,104.6,0
MESSKIT0R,UNIT5,9/25/2018 17:43,36.4974885,-119.3833407,80,24.6,61.8,94.7,201.2,209.8,0
MESSKIT0R,UNIT5,9/25/2018 17:45,36.49720683,-119.3846803,85,1.2,9.5,31.4,98.2,102.5,0
MESSKIT0R,UNIT5,9/25/2018 17:46,36.495711,-119.3845283,98,1.3,10.4,33.7,112.8,122.1,0
MESSKIT0R,UNIT5,9/25/2018 17:47,36.49558867,-119.3822882,99,1.3,7.6,30.6,101.9,110.6,0
MESSKIT02,UNIT4,9/26/2018 13:11,36.49622967,-119.381489,113,1.7,17,40.8,135.5,150.9,0
MESSKIT02,UNIT4,9/26/2018 13:13,36.497641,-119.38213,95,1.5,1.5,1.5,782,1530.3,0
MESSKIT0R,UNIT5,9/26/2018 13:13,36.497726,-119.3813797,90,27.5,1112.9,1913.5,6823.8,7795.2,0
MESSKIT02,UNIT4,9/26/2018 13:14,36.49772733,-119.3830032,94,41.6,1964.5,2260.4,3822.8,4113.1,0
MESSKIT0R,UNIT5,9/26/2018 13:14,36.4975655,-119.3822878,90,14.6,543,1169.6,4457.1,5052.5,0
MESSKIT02,UNIT4,9/26/2018 13:15,36.4977265,-119.383898,96,6.5,187.1,423,2077.7,2531.4,0
MESSKIT0R,UNIT5,9/26/2018 13:15,36.49764183,-119.3833602,90,11.4,169.7,1617.5,9777,11148.4,0
MESSKIT02,UNIT4,9/26/2018 13:16,36.4977135,-119.3848293,95,1.3,1.3,1.3,1.3,1754.2,0
MESSKIT0R,UNIT5,9/26/2018 13:16,36.49761867,-119.384351,92,2.9,2.9,37.7,4022.8,4516.5,0
MESSKIT02,UNIT4,9/26/2018 13:17,36.49769383,-119.3855578,95,1.4,1.4,1.4,1.4,3185.5,0
MESSKIT0R,UNIT5,9/26/2018 13:17,36.49761917,-119.3852647,90,1.2,1.2,1.2,1105.4,1343.3,0
MESSKIT02,UNIT4,9/26/2018 13:18,36.49774483,-119.3855452,92,15.9,15.9,15.9,35707,44454.3,0
MESSKIT0R,UNIT5,9/26/2018 13:18,36.497621,-119.3853373,93,1.1,1.1,1.1,980.7,1255,0
MESSKIT02,UNIT4,9/26/2018 13:19,36.4977495,-119.3855617,94,20.7,972.1,1040.3,1568.8,1748.8,0
MESSKIT0R,UNIT5,9/26/2018 13:19,36.4976195,-119.3855467,89,14.5,168.4,1532.7,8402.7,9587.3,0
MESSKIT02,UNIT4,9/26/2018 13:20,36.49775583,-119.3850502,92,1.2,1.2,1.2,1418.4,2805.2,0
MESSKIT0R,UNIT5,9/26/2018 13:20,36.49769417,-119.385349,82,2.6,2.6,2.6,4844.1,6967.5,0
MESSKIT02,UNIT4,9/26/2018 13:21,36.49775533,-119.3842695,90,1.3,1.3,1.3,811.7,1300.5,0
MESSKIT0R,UNIT5,9/26/2018 13:21,36.49773267,-119.3846962,81,1.2,1.2,1.2,884,1238.4,0
MESSKIT02,UNIT4,9/26/2018 13:22,36.49768317,-119.3833998,92,2,49.6,69.5,148.7,162.9,0
MESSKIT02,UNIT4,9/26/2018 13:23,36.49776133,-119.3828,141,1.3,8.5,24.4,91.9,99.9,0
MESSKIT0R,UNIT5,9/26/2018 13:25,36.49775183,-119.3813893,82,1.3,1.3,35.6,180.4,197.7,0
MESSKIT0R,UNIT5,9/26/2018 13:26,36.4978095,-119.381294,86,1.1,1.1,1.1,387.8,493.8,0
MESSKIT0R,UNIT5,9/26/2018 13:27,36.4962005,-119.3813822,82,1.1,5.9,23.1,88.7,92.4,0
MESSKIT0R,UNIT5,9/26/2018 13:28,36.49621867,-119.3813927,82,1.3,8.6,22.4,66.9,72.4,0
MESSKIT02,UNIT4,9/26/2018 13:42,36.49620433,-119.3814762,100,2,2,2,1997.5,3042.2,0
MESSKIT02,UNIT4,9/26/2018 13:43,36.4962905,-119.381544,100,8.1,86.3,292.1,1861.6,2288.8,0
MESSKIT02,UNIT4,9/26/2018 13:44,36.49723617,-119.3814907,97,7.3,7.3,7.3,9124,15242,0
MESSKIT02,UNIT4,9/26/2018 13:45,36.497757,-119.3824415,94,13.3,180.5,1204.8,9024.4,11115.7,0
MESSKIT0R,UNIT5,9/26/2018 13:45,36.49768783,-119.3818088,81,1.3,1.3,1.3,977.9,1662.1,0
MESSKIT02,UNIT4,9/26/2018 13:46,36.4977775,-119.383294,94,1.5,1.5,1.5,1565.2,2857.7,0
MESSKIT0R,UNIT5,9/26/2018 13:46,36.49765517,-119.3825942,83,9.2,9.2,9.2,8553.8,10485.5,0
MESSKIT02,UNIT4,9/26/2018 13:47,36.49777467,-119.3842077,95,1.2,1.2,1.2,889.3,1209.8,0
MESSKIT0R,UNIT5,9/26/2018 13:47,36.49754717,-119.383316,89,8.4,299.4,412,1139.2,1244,0
MESSKIT02,UNIT4,9/26/2018 13:48,36.4977815,-119.385056,95,1.2,9.9,26.1,85,93.6,0
MESSKIT02,UNIT4,9/26/2018 13:49,36.49780067,-119.3855552,95,1.2,1.2,1.2,513,606.1,0
MESSKIT0R,UNIT5,9/26/2018 13:49,36.4976915,-119.3852008,80,1.4,12.3,31.7,90.5,94.9,0
MESSKIT02,UNIT4,9/26/2018 13:50,36.49515967,-119.385798,102,1.2,1.2,1.2,703.2,861.6,0
MESSKIT02,UNIT4,9/26/2018 13:51,36.49507833,-119.3845885,107,12.3,429.2,1140,5632.3,6752.2,0
MESSKIT02,UNIT4,9/26/2018 13:53,36.49620433,-119.381417,89,1.3,12.9,34,117.6,128.7,0
MESSKIT02,UNIT4,9/26/2018 13:54,36.49629417,-119.3814602,85,1.2,1.2,43.2,294.4,329.5,0
MESSKIT02,UNIT4,9/26/2018 13:55,36.49621533,-119.3813955,88,1.3,3.2,41.2,232.5,254.7,0
MESSKIT02,UNIT4,9/26/2018 14:05,36.49622733,-119.3813943,99,24.2,1071.5,1558.2,5946.6,7533.1,0
MESSKIT0R,UNIT5,9/26/2018 14:05,36.49662983,-119.3813498,87,1.1,1.1,1.1,28,1709.4,0
MESSKIT02,UNIT4,9/26/2018 14:08,36.49788033,-119.3818335,93,30.9,1141.3,2363.8,18025.3,23747.5,0
MESSKIT02,UNIT4,9/26/2018 14:09,36.49792133,-119.3828313,93,15.6,15.6,770.5,22657.6,28272.6,0
MESSKIT0R,UNIT5,9/26/2018 14:09,36.4977955,-119.382236,81,1.5,1.5,1.5,747.9,3576.4,0
MESSKIT02,UNIT4,9/26/2018 14:10,36.49796717,-119.3837108,94,1.4,1.4,1.4,628.6,2741.5,0
MESSKIT0R,UNIT5,9/26/2018 14:10,36.497872,-119.3828953,81,8.8,8.8,8.8,8022.6,10870.2,0
MESSKIT02,UNIT4,9/26/2018 14:11,36.49798117,-119.3845627,93,13.1,293.7,1290.2,7741.4,9239.1,0
MESSKIT0R,UNIT5,9/26/2018 14:11,36.49795417,-119.3842708,81,1.4,1.4,1.4,744.4,1437.2,0
MESSKIT02,UNIT4,9/26/2018 14:12,36.497985,-119.3855033,94,1.9,1.9,1.9,1242.3,3588.2,0
MESSKIT0R,UNIT5,9/26/2018 14:12,36.49793383,-119.3851743,88,1.2,1.2,1.2,542.9,631.7,0
MESSKIT02,UNIT4,9/26/2018 14:13,36.49799517,-119.3855508,94,19.3,109.5,1038.4,7044.2,8550.6,0
MESSKIT0R,UNIT5,9/26/2018 14:13,36.49791017,-119.3854358,90,53.8,1168.8,2166,6690.6,7697.7,0
MESSKIT02,UNIT4,9/26/2018 14:14,36.49792683,-119.3855418,93,8.9,308.8,1040.5,5825.2,7120.8,0
MESSKIT0R,UNIT5,9/26/2018 14:14,36.49788367,-119.3854402,85,3.6,47.9,398.3,2070.8,2337.1,0
MESSKIT02,UNIT4,9/26/2018 14:15,36.497935,-119.38483,92,26.7,615.9,1118.3,4060.6,4763.2,0
MESSKIT0R,UNIT5,9/26/2018 14:15,36.49783467,-119.3851878,83,1.7,1.7,1.7,872,1043.3,0
MESSKIT02,UNIT4,9/26/2018 14:16,36.49792267,-119.3838637,92,9.7,141.1,489.6,3602.8,4254.9,0
MESSKIT0R,UNIT5,9/26/2018 14:16,36.49783467,-119.3843333,81,7.6,97.2,528.5,2161.7,2388.5,0
MESSKIT02,UNIT4,9/26/2018 14:17,36.4978995,-119.3829345,93,2.4,2.4,2.4,1875.7,2758.9,0
MESSKIT0R,UNIT5,9/26/2018 14:17,36.49783933,-119.3831903,81,4.2,58.7,260.5,1696.6,2088,0
MESSKIT02,UNIT4,9/26/2018 14:18,36.49793083,-119.3820118,91,1.3,1.3,1.3,746.8,1175.8,0
MESSKIT0R,UNIT5,9/26/2018 14:18,36.49759583,-119.3821013,83,1.9,8.2,61.7,300.4,326.2,0
MESSKIT02,UNIT4,9/26/2018 14:19,36.49780883,-119.381372,89,1.5,15.4,47.9,195.8,230.3,0
MESSKIT0R,UNIT5,9/26/2018 14:19,36.4975495,-119.3815157,85,1.1,2.4,35.1,141,163.8,0
MESSKIT0R,UNIT5,9/26/2018 14:20,36.4973275,-119.3814762,83,1.2,6.6,37.4,140.2,152.5,0
MESSKIT02,UNIT4,9/26/2018 14:32,36.49624217,-119.381407,101,40,221.5,3696.7,60982,70557.1,0
MESSKIT02,UNIT4,9/26/2018 14:33,36.49788467,-119.3813077,94,35.1,57.3,3859.2,42370,54005.6,0
MESSKIT02,UNIT4,9/26/2018 14:34,36.4978975,-119.3813305,93,9.6,376,638.8,3458.4,4263.9,0
MESSKIT0R,UNIT5,9/26/2018 14:34,36.495967,-119.3811437,94,24.7,693.4,763.1,1137.7,1288.7,16
MESSKIT02,UNIT4,9/26/2018 14:35,36.4979195,-119.3819997,94,12,12,233.7,11673.9,13661.1,0
MESSKIT02,UNIT4,9/26/2018 14:36,36.49803,-119.3825572,97,3.4,3.4,3.4,5519.2,7565.5,0
MESSKIT02,UNIT4,9/26/2018 14:37,36.49802883,-119.3833268,98,18.1,775.8,1040.7,2658.1,2994.6,0
MESSKIT02,UNIT4,9/26/2018 14:38,36.498036,-119.3845542,96,1.3,8.6,25,100.4,116.5,0
MESSKIT02,UNIT4,9/26/2018 14:39,36.498035,-119.3855112,95,1.2,1.2,1.2,692.8,871.5,0
MESSKIT02,UNIT4,9/26/2018 14:40,36.49806067,-119.3856075,91,6.4,294.7,449.5,1339.4,1531.7,0
MESSKIT02,UNIT4,9/26/2018 14:41,36.49799183,-119.385681,107,2.5,23.4,106.7,580.7,676.9,0
MESSKIT0R,UNIT5,9/26/2018 14:41,36.49785167,-119.3851905,88,4.9,99.4,140.3,287.9,302.7,16
MESSKIT02,UNIT4,9/26/2018 14:42,36.4979915,-119.3855997,147,7.9,300.6,364.2,720.7,790.3,0
MESSKIT0R,UNIT5,9/26/2018 14:42,36.49547183,-119.3852028,98,1.3,2.9,42.4,206.6,226.3,16
MESSKIT02,UNIT4,9/26/2018 15:01,36.49622833,-119.3813758,90,39.5,1377.2,1957.5,10176.6,12065.1,0
MESSKIT02,UNIT4,9/26/2018 15:02,36.49807267,-119.3812953,95,10.4,10.4,625.6,13925.8,17585.7,0
MESSKIT02,UNIT4,9/26/2018 15:03,36.49806483,-119.3813385,92,30.6,991.3,2146.6,18069.6,22938.2,0
MESSKIT02,UNIT4,9/26/2018 15:04,36.49808267,-119.3815872,89,4.2,78.3,305.3,2456,3388.5,0
MESSKIT02,UNIT4,9/26/2018 15:05,36.49810683,-119.3823618,90,3,3,3,3363.5,6040.3,0
MESSKIT0R,NULL,9/26/2018 15:05,36.49816867,-119.381331,84,NULL,NULL,NULL,NULL,NULL,NULL
MESSKIT02,UNIT4,9/26/2018 15:06,36.498123,-119.383135,91,49.2,1958.3,3720.8,20725,25373.6,0
MESSKIT02,UNIT4,9/26/2018 15:07,36.4981815,-119.3839322,92,1.7,10.1,83.6,526.2,611.9,0
MESSKIT02,UNIT4,9/26/2018 15:08,36.4982095,-119.3845825,92,1.2,1.2,1.2,1.2,1609.9,0
MESSKIT02,UNIT4,9/26/2018 15:09,36.498207,-119.3852025,92,48.4,1513.2,2617.1,11655.2,13611.5,0
MESSKIT02,UNIT4,9/26/2018 15:10,36.49820217,-119.3855958,94,5.8,155,637.2,3521.2,4389.6,0
MESSKIT02,UNIT4,9/26/2018 15:11,36.49817283,-119.3856043,92,23.8,227.4,1247,7817.5,9643.8,0
MESSKIT02,UNIT4,9/26/2018 15:12,36.4980685,-119.3853762,86,1.2,1.2,1.2,642.9,854.9,0
MESSKIT02,UNIT4,9/26/2018 15:13,36.49803917,-119.3846907,82,12.8,577.4,829,2259.1,2500.7,0
MESSKIT02,UNIT4,9/26/2018 15:14,36.4980055,-119.3838505,82,2.9,2.9,83,1006.7,1175.6,0
MESSKIT0R,NULL,9/26/2018 15:14,36.497971,-119.3835415,81,NULL,NULL,NULL,NULL,NULL,NULL
MESSKIT02,UNIT4,9/26/2018 15:15,36.4979575,-119.3830535,99,7.8,74.8,254.8,1018.7,1108.7,0
MESSKIT0R,NULL,9/26/2018 15:15,36.49796717,-119.3833087,82,NULL,NULL,NULL,NULL,NULL,NULL
MESSKIT0R,NULL,9/26/2018 15:16,36.49798283,-119.3826285,81,NULL,NULL,NULL,NULL,NULL,NULL
MESSKIT0R,NULL,9/26/2018 15:17,36.496222,-119.381568,85,NULL,NULL,NULL,NULL,NULL,NULL
MESSKIT02,UNIT4,9/26/2018 15:28,36.49620083,-119.3814162,100,18,239.8,1688.5,25127.4,30542.1,0
MESSKIT02,UNIT4,9/26/2018 15:29,36.49694317,-119.3813108,96,2.4,2.4,2.4,1246.9,10925,0
MESSKIT02,UNIT4,9/26/2018 15:30,36.49809033,-119.3814482,93,12.8,26,1266.2,16962.3,22092.9,0
MESSKIT02,UNIT4,9/26/2018 15:31,36.49814333,-119.3822435,95,7.4,7.4,774.7,12435,16021.6,0
MESSKIT02,UNIT4,9/26/2018 15:32,36.49823417,-119.3831093,87,2.8,2.8,2.8,3311.1,4619.6,0
MESSKIT02,UNIT4,9/26/2018 15:33,36.49823417,-119.383904,90,20.7,996.9,1260.2,2733.9,3072.9,0
MESSKIT02,UNIT4,9/26/2018 15:34,36.49822567,-119.3846713,88,1.4,5.3,29.8,203.4,291,0
MESSKIT02,UNIT4,9/26/2018 15:35,36.49825317,-119.3854428,85,1.4,1.4,1.4,584.6,720.8,0
MESSKIT02,UNIT4,9/26/2018 15:36,36.49827033,-119.3855713,81,3.9,77.6,220.8,1205.4,1397.1,0
MESSKIT02,UNIT4,9/26/2018 15:37,36.49827067,-119.3856022,94,12.8,532.5,585.7,796.6,831.8,0
MESSKIT02,UNIT4,9/26/2018 15:38,36.4982975,-119.3855773,130,2,17.4,50.4,199.4,219.1,0
MESSKIT02,UNIT4,9/26/2018 15:49,36.49631683,-119.3814025,97,14.8,14.8,496.8,9074.8,12646.6,0
MESSKIT02,UNIT4,9/26/2018 15:50,36.49812983,-119.3816593,95,24.9,383,1271.1,9744.1,11938.4,0
MESSKIT02,UNIT4,9/26/2018 15:51,36.49825267,-119.38283,95,37.7,907.4,2160.6,11047.6,14414.8,0
MESSKIT02,UNIT4,9/26/2018 15:52,36.49828717,-119.3842598,94,2.8,2.8,73.3,2854.5,3762.4,0
MESSKIT02,UNIT4,9/26/2018 15:53,36.498295,-119.3855853,91,5.1,35.2,276,1404.2,1641.5,0
MESSKIT02,UNIT4,9/26/2018 15:54,36.498294,-119.3855945,95,2,23.2,47,154.8,177,0
MESSKIT02,UNIT4,9/26/2018 15:55,36.49827833,-119.3845528,97,1.4,5.4,33,172.1,190,0
MESSKIT0R,UNIT7,9/26/2018 15:55,36.49688,-119.3841343,84,1.3,1.3,43.9,241.6,269.4,0
MESSKIT02,UNIT4,9/26/2018 15:56,36.49825583,-119.383015,99,1.3,6,35.4,172.2,195.1,0
MESSKIT0R,UNIT7,9/26/2018 15:56,36.49790983,-119.3841163,85,1.4,1.4,31.8,280.2,328.9,0
MESSKIT02,UNIT4,9/26/2018 15:57,36.49825833,-119.3815378,98,1.3,1.3,1.3,857.5,1465.9,0
MESSKIT02,UNIT4,9/26/2018 15:58,36.4982745,-119.3813463,95,1.3,1.3,1.3,33.5,1501.1,0
MESSKIT02,UNIT4,9/26/2018 15:59,36.498263,-119.3813475,96,22.8,810,1007.8,2692,3314.6,0
MESSKIT02,UNIT4,9/26/2018 16:00,36.49826117,-119.381353,96,5.4,5.4,5.4,7534.2,9306.9,0
MESSKIT0R,UNIT7,9/26/2018 16:00,36.496262,-119.3816875,98,1.5,12.3,35,115.1,123.2,0
MESSKIT02,UNIT4,9/26/2018 16:01,36.49824983,-119.3813518,96,14.4,130.1,1335.5,11704.8,13838.6,0
MESSKIT02,UNIT4,9/26/2018 16:02,36.49830233,-119.3825763,96,1.4,10.1,25.5,77.6,83.8,0
MESSKIT02,UNIT4,9/26/2018 16:03,36.4983495,-119.3840798,96,1.3,1.3,1.3,729.6,1224.5,0
MESSKIT02,UNIT4,9/26/2018 16:04,36.49834917,-119.3855185,97,1.4,1.4,1.4,563.4,834.6,0
MESSKIT02,UNIT4,9/26/2018 16:05,36.49839,-119.3855212,106,15.8,437.5,667.5,1742.2,1908.6,0
MESSKIT0R,UNIT7,9/26/2018 16:06,36.49640383,-119.3829103,81,1.9,14.5,42.2,142,156.8,0
MESSKIT0R,UNIT7,9/26/2018 16:07,36.497494,-119.3835182,81,1.4,8.4,28.7,93.1,99.9,0
MESSKIT02,UNIT4,9/26/2018 16:19,36.49624717,-119.381627,106,2.2,56.4,140.9,355.1,371.1,0
MESSKIT0R,UNIT7,9/26/2018 16:19,36.495651,-119.3811593,86,1.3,7.9,23.5,63.2,66.3,0
MESSKIT02,UNIT4,9/26/2018 16:21,36.49841483,-119.3825902,97,1.3,1.3,1.3,520.2,662.6,0
MESSKIT02,UNIT4,9/26/2018 16:22,36.49840617,-119.3841528,98,3.5,42.5,105.3,450.7,545,0
MESSKIT02,UNIT4,9/26/2018 16:23,36.498472,-119.3854318,97,1.3,1.9,42.4,204.1,274.4,0
MESSKIT02,UNIT4,9/26/2018 16:24,36.49847033,-119.3855727,95,3.8,8.9,177.5,1322.3,1621.2,0
MESSKIT02,UNIT4,9/26/2018 16:25,36.4984695,-119.3855727,96,3.9,107.5,275,1251.5,1471.5,0
MESSKIT02,UNIT4,9/26/2018 16:26,36.498462,-119.3855833,97,1.4,9.8,24.7,73.2,78.7,0
MESSKIT02,UNIT4,9/26/2018 16:27,36.498462,-119.3855722,96,1.3,1.3,1.3,570.6,673.5,0
MESSKIT0R,UNIT7,9/26/2018 16:27,36.49623933,-119.3814762,91,2,12.3,73.6,314.7,341.8,0
MESSKIT02,UNIT4,9/26/2018 16:28,36.4984755,-119.3855953,96,1.4,1.4,28.8,403.7,498,0
MESSKIT0R,UNIT7,9/26/2018 16:28,36.49873133,-119.3839233,102,2.7,53.6,156.4,630.5,665.6,0
MESSKIT02,UNIT4,9/26/2018 16:29,36.4984975,-119.3847883,131,2.4,2.4,88.6,801.6,974.2,0
MESSKIT0R,UNIT7,9/26/2018 16:29,36.49887233,-119.3846157,97,1.7,1.7,10.6,682.1,732,0
MESSKIT0R,UNIT7,9/26/2018 16:30,36.49885383,-119.3848812,97,1.6,13.5,40.9,145.9,152.7,0
MESSKIT0R,UNIT7,9/26/2018 16:31,36.49886433,-119.3848827,94,1.5,9.4,30,94.6,98.3,0
MESSKIT0R,UNIT7,9/26/2018 16:32,36.498989,-119.3839242,90,1.5,11.5,31.2,97.7,103.8,0
MESSKIT0R,UNIT7,9/26/2018 16:33,36.49888283,-119.383938,97,1.2,8.3,25.2,89.6,99.4,0
MESSKIT0R,UNIT7,9/26/2018 16:34,36.49873017,-119.3823603,107,1.3,3.7,46,199.3,214.1,0
MESSKIT0R,UNIT7,9/26/2018 16:40,36.4962235,-119.3829387,112,1.5,10.7,28.4,106,111.6,0
MESSKIT0R,UNIT7,9/26/2018 16:41,36.49684333,-119.3836762,95,1.4,1.4,1.4,93,2012.9,0
MESSKIT0R,UNIT7,9/26/2018 16:42,36.49882567,-119.383759,96,6.7,6.7,265.4,4418.6,5516.9,0
MESSKIT0R,UNIT7,9/26/2018 16:43,36.49883267,-119.3837595,91,24.9,317.9,1691.4,8905.2,10735.1,0
MESSKIT0R,UNIT7,9/26/2018 16:44,36.4987955,-119.3838447,91,1.8,19.5,78.9,438.7,512.7,0
MESSKIT0R,UNIT7,9/26/2018 16:45,36.49846533,-119.3836242,88,2.2,51.7,76.5,178.4,195.6,0
MESSKIT0R,UNIT7,9/26/2018 16:46,36.498763,-119.3824013,92,1.3,1.3,1.3,621.4,753.9,0
MESSKIT0R,UNIT7,9/26/2018 16:47,36.49876583,-119.3814558,90,2.1,31.5,80.2,292.5,318.4,0
MESSKIT0R,UNIT7,9/26/2018 16:48,36.49884217,-119.3814043,90,1.5,13.6,42.6,152.2,162.7,0
MESSKIT0R,UNIT7,9/26/2018 16:49,36.49897617,-119.3821845,86,1.5,1.5,1.5,1071.5,1315,0
MESSKIT0R,UNIT7,9/26/2018 16:50,36.49905383,-119.3824008,83,8,223.8,279.1,492.2,512,0
MESSKIT0R,UNIT7,9/26/2018 16:52,36.49872283,-119.3838072,87,1.6,1.6,25.9,506.8,543.2,0
MESSKIT0R,UNIT7,9/26/2018 16:53,36.49873067,-119.3813863,85,1.9,12.9,69.5,284.8,305.2,0
MESSKIT0R,UNIT7,9/27/2018 9:31,36.4987385,-119.381215,82,27.2,869,3244.1,20534.8,23759,0
MESSKIT02,UNIT4,9/27/2018 9:36,36.49876317,-119.3852322,105,2.1,2.1,2.1,1273.9,3468.8,0
MESSKIT02,UNIT4,9/27/2018 9:37,36.499517,-119.3852898,100,2.2,2.2,2.2,561.6,4964.9,0
MESSKIT02,UNIT4,9/27/2018 9:38,36.49914117,-119.3853217,99,30,30,2375.4,49879.9,54275.1,0
MESSKIT02,UNIT4,9/27/2018 9:39,36.498988,-119.3852648,105,48.5,1805.6,3864.9,24569.2,28357.4,0
MESSKIT0R,UNIT7,9/27/2018 9:39,36.49912333,-119.385384,91,2.3,2.3,2.3,2146.3,2605.5,0
MESSKIT02,UNIT4,9/27/2018 9:40,36.49893417,-119.384046,97,2.2,2.2,2.2,3450.3,4061.7,0
MESSKIT0R,UNIT7,9/27/2018 9:40,36.49909367,-119.3846348,94,2.3,2.3,2.3,1177.5,1383.9,0
MESSKIT02,UNIT4,9/27/2018 9:41,36.49891767,-119.3829402,95,6.2,191.9,542.1,1905.9,2230.1,0
MESSKIT0R,UNIT7,9/27/2018 9:41,36.49910817,-119.3834287,102,4.2,111.9,163.7,380.1,446,0
MESSKIT02,UNIT4,9/27/2018 9:42,36.49887183,-119.3820788,98,2.3,15.2,85.9,319.1,350.5,0
MESSKIT0R,UNIT7,9/27/2018 9:42,36.49882433,-119.382637,99,2.3,15.2,71.1,277.4,298.3,0
MESSKIT02,UNIT4,9/27/2018 9:43,36.49873167,-119.3814233,104,2.2,2.2,63.8,671.4,747.8,0
MESSKIT0R,UNIT7,9/27/2018 9:43,36.4987315,-119.3815193,93,2.4,25.5,72.8,237.1,253.7,0
MESSKIT02,UNIT4,9/27/2018 9:52,36.49853317,-119.3814098,97,7.2,7.2,7.2,18002.1,21487.6,0
MESSKIT02,UNIT4,9/27/2018 9:53,36.4991065,-119.3819017,95,40.4,523.3,4112.6,39187.2,44164.9,0
MESSKIT02,UNIT4,9/27/2018 9:54,36.49913933,-119.3827267,97,42.6,949.6,4731.7,50752.6,57164.5,0
MESSKIT02,UNIT4,9/27/2018 9:55,36.49915767,-119.3835562,97,9.6,9.6,142.1,17488.8,20819,0
MESSKIT02,UNIT4,9/27/2018 9:56,36.49916333,-119.3843952,97,46.4,255,3281.2,41881.6,48201.7,0
MESSKIT02,UNIT4,9/27/2018 9:57,36.499178,-119.3851907,96,41.9,997.7,3215.5,18518.1,21545.7,0
MESSKIT02,UNIT4,9/27/2018 9:58,36.4991115,-119.3856698,103,57.4,1441.7,5446,50907.5,57438.5,0
MESSKIT02,UNIT4,9/27/2018 9:59,36.49916883,-119.3854808,98,50.8,808.5,4976,59381,66411.8,0
MESSKIT02,UNIT4,9/27/2018 10:00,36.49913083,-119.3847468,99,26.5,333.4,2695.9,19915.6,23658.8,0
MESSKIT02,UNIT4,9/27/2018 10:01,36.49916217,-119.3839752,102,36,548.3,1351.3,6556.3,7959.8,0
MESSKIT0R,UNIT7,9/27/2018 10:01,36.498738,-119.3829268,101,2.4,21.8,56,192.2,207,0
MESSKIT02,UNIT4,9/27/2018 10:02,36.49915117,-119.383231,105,1.8,1.8,65.7,381.8,505.6,0
MESSKIT0R,UNIT7,9/27/2018 10:02,36.49908067,-119.3831567,94,2,13.1,56,236.1,259.5,0
MESSKIT02,UNIT4,9/27/2018 10:03,36.49912917,-119.3824048,99,6,158.4,268.3,746.6,935.9,0
MESSKIT0R,UNIT7,9/27/2018 10:03,36.49918833,-119.3830838,104,2.9,39.7,75.4,222.3,240.8,0
MESSKIT02,UNIT4,9/27/2018 10:04,36.49881717,-119.3814755,101,1.9,10.1,69.9,304.5,350.7,0
MESSKIT0R,UNIT7,9/27/2018 10:04,36.4992025,-119.3817442,97,2.3,14.4,57.2,243.4,263.7,0
MESSKIT02,UNIT4,9/27/2018 10:05,36.49873683,-119.3813803,111,2.1,2.1,2.1,1477.7,1778.5,0
MESSKIT0R,UNIT7,9/27/2018 10:05,36.49920283,-119.3812548,82,2.2,2.2,2.2,1454.9,1938.1,0
MESSKIT0R,UNIT7,9/27/2018 10:07,36.499201,-119.3812595,83,4.6,4.6,4.6,9096.2,11471.6,0
MESSKIT0R,UNIT7,9/27/2018 10:08,36.49919967,-119.3812658,86,17.1,834.1,1218.4,3959.2,4746.3,0
MESSKIT0R,UNIT7,9/27/2018 10:09,36.49916867,-119.3815327,85,31.7,292.3,3927.5,38441,46792,0
MESSKIT0R,UNIT7,9/27/2018 10:10,36.49916533,-119.382348,83,27.7,1310.7,1771.9,4405.1,5040,0
MESSKIT0R,UNIT7,9/27/2018 10:11,36.4992495,-119.382949,82,9.7,9.7,435.1,10497.8,12435,0
MESSKIT0R,UNIT7,9/27/2018 10:12,36.49926517,-119.3838915,81,3,3,204.8,1604.7,2071.3,0
MESSKIT0R,UNIT7,9/27/2018 10:13,36.4992835,-119.3844877,81,14.1,584.6,1363.1,5046.3,5650.3,0
MESSKIT0R,UNIT7,9/27/2018 10:14,36.49928033,-119.385408,81,2.3,12.9,75.9,345.4,377.4,0
MESSKIT0R,UNIT7,9/27/2018 10:15,36.49899133,-119.3854132,92,3.8,45.6,133.5,534,579.6,0
MESSKIT0R,UNIT7,9/27/2018 10:16,36.498752,-119.3813303,92,2.5,2.5,2.5,1389.5,1541.7,0
MESSKIT02,UNIT4,9/27/2018 10:43,36.4987385,-119.3814227,92,50.2,140.5,4671.6,39323.9,46456.4,0
MESSKIT02,UNIT4,9/27/2018 10:44,36.49928883,-119.3818957,90,8.6,8.6,8.6,8469.2,13031.5,0
MESSKIT02,UNIT4,9/27/2018 10:45,36.49929283,-119.382321,92,53.7,1470.9,4880.7,31677,39004.9,0
MESSKIT02,UNIT4,9/27/2018 10:46,36.49943767,-119.3830028,94,54.1,1231.4,2705.5,10916.7,12755.3,0
MESSKIT02,UNIT4,9/27/2018 10:47,36.499462,-119.384222,95,10.9,227.8,308.8,634.3,705.2,0
MESSKIT02,UNIT4,9/27/2018 10:48,36.49946667,-119.3850568,96,2.9,19.4,55.8,143.4,151.4,0
MESSKIT02,UNIT4,9/27/2018 10:49,36.49945017,-119.3855023,96,2.8,2.8,2.8,1972.5,2416.2,0
MESSKIT02,UNIT4,9/27/2018 10:50,36.49942217,-119.3855378,97,3.4,11,133.5,755.9,871.2,0
MESSKIT02,UNIT4,9/27/2018 10:51,36.49947833,-119.385481,99,4,4,4,5018.5,6150.7,0
MESSKIT02,UNIT4,9/27/2018 10:52,36.49954117,-119.3854568,96,3.1,3.1,59.9,803.9,910.5,0
MESSKIT02,UNIT4,9/27/2018 10:53,36.49952417,-119.3854387,89,3,3,3,3,4984.4,0
MESSKIT02,UNIT4,9/27/2018 10:54,36.49944233,-119.3855647,96,56.7,1024.2,3727.9,24200.1,30432.7,0
MESSKIT02,UNIT4,9/27/2018 10:55,36.49933233,-119.3855833,100,42,406.4,2916.5,21814.9,26652.6,0
MESSKIT02,UNIT4,9/27/2018 10:56,36.49925,-119.3855763,98,45.9,910.6,4217.9,21219.1,24932.6,0
MESSKIT02,UNIT4,9/27/2018 10:57,36.49925233,-119.3848508,96,25.2,512.1,2570.6,21994.5,26128.4,0
MESSKIT02,UNIT4,9/27/2018 10:58,36.4992795,-119.384072,96,7.5,319,394.1,741.4,776.6,0
MESSKIT02,UNIT4,9/27/2018 10:59,36.4992615,-119.3832145,95,2.8,2.8,2.8,1420.5,2017.7,0
MESSKIT02,UNIT4,9/27/2018 11:00,36.49921967,-119.3824263,97,2.8,15.6,64.2,204.2,215.3,0
MESSKIT02,UNIT4,9/27/2018 11:01,36.4987415,-119.3815548,98,2.9,16.5,80.9,339.7,386.6,0
MESSKIT02,UNIT4,9/27/2018 11:08,36.4987305,-119.3814138,88,41.2,490,3482.9,30860.1,35661.5,0
MESSKIT02,UNIT4,9/27/2018 11:09,36.499397,-119.3819398,90,32.8,845.8,2752.4,12633,14980.1,0
MESSKIT02,UNIT4,9/27/2018 11:10,36.49942667,-119.3825498,91,8.7,8.7,8.7,11708.1,14434.3,0
MESSKIT02,UNIT4,9/27/2018 11:11,36.49947117,-119.3833417,91,12.5,12.5,12.5,14574.4,18880.3,0
MESSKIT02,UNIT4,9/27/2018 11:12,36.4994825,-119.3841047,93,3.1,3.1,3.1,2632,3053,0
MESSKIT02,UNIT4,9/27/2018 11:13,36.49948367,-119.3848972,93,2.6,4.7,85.3,282.3,294,0
MESSKIT02,UNIT4,9/27/2018 11:14,36.49949633,-119.3855265,94,4.2,54.7,132.4,408.8,461.2,0
MESSKIT02,UNIT4,9/27/2018 11:15,36.498739,-119.3854987,106,2.6,9.6,103,432.1,512.2,0
MESSKIT02,UNIT4,9/27/2018 11:20,36.49877917,-119.3848533,98,2,2,2,2,3169.5,0
MESSKIT02,UNIT4,9/27/2018 11:21,36.49937967,-119.3854623,101,44.6,1172.6,2308,10193.9,12121.2,0
MESSKIT02,UNIT4,9/27/2018 11:22,36.4994745,-119.3855023,98,60.7,1183.3,4555.1,34241,40582.1,0
MESSKIT02,UNIT4,9/27/2018 11:23,36.49938767,-119.3855672,98,2,2,2,2,2975.3,0
MESSKIT02,UNIT4,9/27/2018 11:24,36.4992885,-119.3853832,97,52.4,1157.2,4535,28698.1,37515.1,0
MESSKIT02,UNIT4,9/27/2018 11:25,36.4992475,-119.3845495,95,2.8,2.8,2.8,1038,3862.2,0
MESSKIT02,UNIT4,9/27/2018 11:26,36.4992425,-119.3835373,94,2,2,2,770.4,912.7,0
MESSKIT0R,UNIT7,9/27/2018 11:26,36.49877633,-119.3832018,113,2.5,2.5,53.4,559.2,641.2,0
MESSKIT02,UNIT4,9/27/2018 11:27,36.49924433,-119.3828243,94,11.1,265.3,293.3,367.3,373.5,0
MESSKIT0R,UNIT7,9/27/2018 11:27,36.49942867,-119.3833528,96,2.4,2.4,67.1,366,424.5,0
MESSKIT02,UNIT4,9/27/2018 11:28,36.49808217,-119.3819445,100,2.3,23.3,53.2,137,145.7,0
MESSKIT0R,UNIT7,9/27/2018 11:28,36.499406,-119.3833685,86,5.2,131.3,274.3,1145.6,1392.2,0
MESSKIT0R,UNIT7,9/27/2018 11:29,36.49943517,-119.3818873,83,3,3,123.1,1036,1226.4,0
MESSKIT0R,UNIT7,9/27/2018 11:30,36.49942117,-119.381842,81,36.3,1271.7,4295.1,36335.8,43004.7,0
MESSKIT0R,UNIT7,9/27/2018 11:31,36.49949517,-119.3812958,85,6.9,6.9,749.9,12284.4,14693.2,0
MESSKIT0R,UNIT7,9/27/2018 11:32,36.49948167,-119.3812468,88,2,2,2,234,4704.5,0
MESSKIT0R,UNIT7,9/27/2018 11:33,36.49955817,-119.3816153,88,11.8,11.8,11.8,15558.1,19159.5,0
MESSKIT0R,UNIT7,9/27/2018 11:34,36.4997085,-119.3824787,87,1.9,1.9,1.9,2820,5193,0
MESSKIT0R,UNIT7,9/27/2018 11:35,36.49969767,-119.383119,87,1.9,1.9,22.4,1050.2,1510,0
MESSKIT0R,UNIT7,9/27/2018 11:36,36.49970683,-119.3840213,85,19.1,1298.8,1967.4,10314.3,12509.8,0
MESSKIT0R,UNIT7,9/27/2018 11:37,36.49975233,-119.3847085,81,2,11.2,38.3,148,164.6,0
MESSKIT0R,UNIT7,9/27/2018 11:38,36.499684,-119.3855162,81,1.8,1.8,1.8,1186.2,1345.3,0
MESSKIT0R,UNIT7,9/27/2018 11:39,36.49969467,-119.3855562,81,5.3,75.9,378.7,1425.9,1515.2,0
MESSKIT0R,UNIT7,9/27/2018 11:40,36.49890967,-119.384461,84,1.8,10.8,36.9,141.7,160.8,0
MESSKIT0R,UNIT7,9/27/2018 11:41,36.49887767,-119.381309,82,3.1,72.1,115.8,297.5,315.4,0
MESSKIT02,UNIT4,9/27/2018 11:42,36.49873583,-119.3832935,110,7.8,7.8,7.8,4034.8,5860.4,0
MESSKIT0R,UNIT7,9/27/2018 11:42,36.4988875,-119.3813027,80,1.7,9.3,35.4,120.2,126.4,0
MESSKIT02,UNIT4,9/27/2018 11:43,36.49948333,-119.3855013,107,43.3,652.1,3139.6,15933.1,19198.6,0
MESSKIT02,UNIT4,9/27/2018 11:44,36.4994305,-119.3854277,102,53.8,144.7,3848,28850.8,36070.8,0
MESSKIT02,UNIT4,9/27/2018 11:45,36.49933667,-119.385455,95,29.9,29.9,964.8,37455,45652.5,0
MESSKIT02,UNIT4,9/27/2018 11:46,36.499327,-119.3848848,97,2,2,2,761.4,2975.3,0
MESSKIT02,UNIT4,9/27/2018 11:47,36.4992395,-119.3843345,97,26.6,781.4,974.1,3049,3399.1,0
MESSKIT02,UNIT4,9/27/2018 11:48,36.49924517,-119.3835182,98,1.7,1.7,42.6,264.9,299.4,0
MESSKIT02,UNIT4,9/27/2018 11:49,36.49930367,-119.3827725,96,3.8,7.1,257.3,1161.2,1323.3,0
MESSKIT02,UNIT4,9/27/2018 11:50,36.49881383,-119.3815925,96,2.8,2.8,111.2,534.1,595.1,0
MESSKIT0R,UNIT7,9/27/2018 11:57,36.49875833,-119.381313,100,1.7,1.7,1.7,742.8,901.2,0
MESSKIT0R,UNIT7,9/27/2018 11:58,36.49928433,-119.3812305,95,37.1,1190.2,2549.3,13553.3,15701.3,0
MESSKIT0R,UNIT7,9/27/2018 11:59,36.4993825,-119.3812032,93,45.9,1216.1,3657.9,21963.7,26363.9,0
MESSKIT0R,UNIT7,9/27/2018 12:00,36.49938967,-119.3812028,89,8.2,185,565.4,2727.7,3116,0
MESSKIT0R,UNIT7,9/27/2018 12:01,36.4993935,-119.3811853,88,31.8,809.6,2098.9,10120.8,12046.3,0
MESSKIT0R,UNIT7,9/27/2018 12:02,36.49967133,-119.3816703,88,20.8,675.7,1023.8,2937.4,3357.8,0
MESSKIT0R,UNIT7,9/27/2018 12:03,36.4997095,-119.3827098,91,18.4,153.3,1589,9321.9,11556.8,0
MESSKIT0R,UNIT7,9/27/2018 12:04,36.49973183,-119.383476,90,22.4,682.8,1013.5,2831.3,3382.9,0
MESSKIT0R,UNIT7,9/27/2018 12:05,36.49974183,-119.3842447,91,21.9,686,1025.9,3539.9,4216.7,0
MESSKIT0R,UNIT7,9/27/2018 12:06,36.49975017,-119.3851567,92,21.1,584.5,627.7,826.6,877.1,0
MESSKIT0R,UNIT7,9/27/2018 12:07,36.4997355,-119.3853707,92,32.7,789.8,2137.4,12209.6,13672.8,0
MESSKIT0R,UNIT7,9/27/2018 12:08,36.49969933,-119.3855803,87,13.3,225,514.3,1625.3,1744.2,0
MESSKIT0R,UNIT7,9/27/2018 12:09,36.49962783,-119.3854561,85,4.9,4.9,4.9,6850.9,8846.7,0
MESSKIT0R,UNIT7,9/27/2018 12:10,36.49956367,-119.3845002,83,1.3,1.3,1.3,701.6,1386.4,0
MESSKIT0R,UNIT7,9/27/2018 12:11,36.49955267,-119.3838238,82,10.7,364.3,851.6,3379.4,3746.1,0
MESSKIT0R,UNIT7,9/27/2018 12:12,36.49957217,-119.3828778,83,1.8,12.3,43.9,170.2,190.6,0
MESSKIT0R,UNIT7,9/27/2018 12:13,36.499009,-119.3820657,89,1.4,7.4,36.6,152.8,164.5,0
MESSKIT0R,UNIT7,9/27/2018 12:14,36.49873067,-119.3814037,99,1.5,11.3,33.9,109.4,122.4,0
MESSKIT02,UNIT4,9/27/2018 12:16,36.4987505,-119.3813963,100,51.8,1755.9,3460.9,12853.9,16155.7,0
MESSKIT02,UNIT4,9/27/2018 12:17,36.49978283,-119.3818378,101,3.8,5.4,372.1,1978.7,2380.5,0
MESSKIT02,UNIT4,9/27/2018 12:18,36.49979633,-119.3825953,99,1.5,1.5,1.5,434.9,2297.5,0
MESSKIT02,UNIT4,9/27/2018 12:19,36.49974883,-119.383598,97,1.5,1.5,1.5,758.9,2598.8,0
MESSKIT02,UNIT4,9/27/2018 12:20,36.49978567,-119.3845603,99,1.4,1.4,1.4,708.1,1593.2,0
MESSKIT02,UNIT4,9/27/2018 12:21,36.4997705,-119.385486,96,1.7,1.7,1.7,791.8,958.8,0
MESSKIT02,UNIT4,9/27/2018 12:22,36.49836467,-119.385514,107,1.3,1.3,1.3,1045.6,1422.8,0
MESSKIT02,UNIT4,9/27/2018 12:23,36.49847567,-119.381203,113,9.1,172,380.8,1154.3,1384.2,0
MESSKIT02,NULL,9/27/2018 12:24,36.4988435,-119.3813505,103,NULL,NULL,NULL,NULL,NULL,NULL
MESSKIT02,NULL,9/27/2018 12:25,36.49873017,-119.3813808,106,NULL,NULL,NULL,NULL,NULL,NULL
MESSKIT02,NULL,9/27/2018 12:27,36.49873383,-119.3812647,92,NULL,NULL,NULL,NULL,NULL,NULL
MESSKIT0R,UNIT7,9/27/2018 12:28,36.49812933,-119.3813587,89,1.9,6.9,75.7,376.6,402.5,0
MESSKIT02,NULL,9/27/2018 12:28,36.498735,-119.3812458,89,NULL,NULL,NULL,NULL,NULL,NULL
MESSKIT0R,UNIT7,9/27/2018 12:29,36.49707733,-119.3815018,93,2.4,30.3,63.9,193.6,211.5,0
MESSKIT02,NULL,9/27/2018 12:29,36.49873533,-119.3812345,88,NULL,NULL,NULL,NULL,NULL,NULL
MESSKIT0R,UNIT7,9/27/2018 12:30,36.49634333,-119.3813667,100,1.5,8.8,35.8,141,149.7,0
MESSKIT0R,UNIT7,9/27/2018 12:31,36.4962055,-119.3813177,103,1.7,8.7,35.8,141.5,154.5,0
